round,accuracy,loss
0,0.0935,2.3074542299101624
1,0.1015,2.3059855563731135
2,0.2954,2.188009008576598
