round,accuracy,loss
0,0.07,2.30786851086194
1,0.268,2.149168723746191
2,0.3537,1.7957963566236859
3,0.518,1.396786167651792
4,0.446,1.5770848944217344
5,0.4377,1.465273908421963
6,0.4823,1.829037619542472
7,0.4566,1.59023771406729
8,0.4803,1.7652028316183934
9,0.5154,1.6152791418606722
10,0.6282,1.0883029940762097
