round,accuracy,loss
0,0.0762,2.3138760192484797
1,0.6096,1.9492673617375047
2,0.8156,0.7369486323640316
3,0.8767,0.46277948817874814
4,0.8939,0.37581101644642745
5,0.9052,0.32792801806066607
6,0.9137,0.3007142303770856
7,0.9186,0.2771429105697176
8,0.923,0.26040313223117517
9,0.9299,0.24193035580123526
10,0.9325,0.22904919568873658
