round,accuracy,loss
0,0.1018,2.3198181436031677
1,0.1188,2.3225333841541147
2,0.3228,2.1110870717447017
