round,accuracy,loss
0,0.1042,2.308420959907242
1,0.1461,2.35102753095989
2,0.1933,2.265765268591386
