round,accuracy,loss
0,0.0529,2.3061262595502634
1,0.1053,2.321748564514933
2,0.1837,2.2553085224537908
3,0.2781,2.2214920460423335
4,0.3443,2.1844798341582092
5,0.4189,2.1483029655263395
