round,accuracy,loss
0,0.084,2.3097242886507057
1,0.1821,2.413314158403421
2,0.2413,2.266139947915379
