round,accuracy,loss
0,0.0854,2.304479354544531
1,0.1469,2.269185579275783
2,0.3836,2.164551478397997
