round,accuracy,loss
0,0.0917,2.304787424546254
1,0.1032,2.402509094793585
2,0.2014,2.28649150268941
